[
  {
    "name":"software.amazon.msk.auth.iam.IAMClientCallbackHandler",
    "methods":[{"name":"<init>","parameterTypes":[] }]
  },
  {
    "name":"org.apache.commons.logging.impl.Jdk14Logger",
    "methods":[{"name":"<init>","parameterTypes":["java.lang.String"] }]
  },
  {
    "name":"org.apache.commons.logging.impl.Log4JLogger"
  },
  {
    "name":"org.apache.commons.logging.impl.LogFactoryImpl",
    "methods":[{"name":"<init>","parameterTypes":[] }]
  },
  {
    "name":"com.amazonaws.internal.config.InternalConfigJsonHelper",
    "allDeclaredFields":true,
    "queryAllDeclaredMethods":true,
    "queryAllDeclaredConstructors":true,
    "methods":[
      {"name":"<init>","parameterTypes":[] },
      {"name":"setDefaultSigner","parameterTypes":["com.amazonaws.internal.config.SignerConfigJsonHelper"] },
      {"name":"setHostRegexToRegionMappings","parameterTypes":["com.amazonaws.internal.config.HostRegexToRegionMappingJsonHelper[]"] },
      {"name":"setHttpClients","parameterTypes":["com.amazonaws.internal.config.JsonIndex[]"] },
      {"name":"setRegionSigners","parameterTypes":["com.amazonaws.internal.config.JsonIndex[]"] },
      {"name":"setServiceRegionSigners","parameterTypes":["com.amazonaws.internal.config.JsonIndex[]"] },
      {"name":"setServiceSigners","parameterTypes":["com.amazonaws.internal.config.JsonIndex[]"] },
      {"name":"setUserAgentTemplate","parameterTypes":["java.lang.String"] }
    ]
  },
  {
    "name":"com.amazonaws.internal.config.SignerConfigJsonHelper",
    "allDeclaredFields":true,
    "queryAllDeclaredMethods":true,
    "queryAllDeclaredConstructors":true,
    "methods":[
      {"name":"<init>","parameterTypes":[] },
      {"name":"setSignerType","parameterTypes":["java.lang.String"] }
    ]
  },
  {
    "name":"com.amazonaws.internal.config.JsonIndex",
    "allDeclaredFields":true,
    "queryAllDeclaredMethods":true,
    "queryAllDeclaredConstructors":true,
    "methods":[
      {"name":"<init>","parameterTypes":[] },
      {"name":"setConfig","parameterTypes":["com.amazonaws.internal.config.Builder"] },
      {"name":"setKey","parameterTypes":["java.lang.String"] }
    ]
  },
  {
    "name":"com.amazonaws.internal.config.HttpClientConfigJsonHelper",
    "allDeclaredFields":true,
    "queryAllDeclaredMethods":true,
    "queryAllDeclaredConstructors":true,
    "methods":[
      {"name":"<init>","parameterTypes":[] },
      {"name":"setRegionMetadataServiceName","parameterTypes":["java.lang.String"] },
      {"name":"setServiceName","parameterTypes":["java.lang.String"] }
    ]
  },
  {
    "name":"com.amazonaws.internal.config.HostRegexToRegionMappingJsonHelper",
    "allDeclaredFields":true,
    "queryAllDeclaredMethods":true,
    "queryAllDeclaredConstructors":true,
    "methods":[
      {"name":"<init>","parameterTypes":[] },
      {"name":"setHostNameRegex","parameterTypes":["java.lang.String"] },
      {"name":"setRegionName","parameterTypes":["java.lang.String"] }
    ]
  },
  {
    "name":"software.amazon.msk.auth.iam.internals.AuthenticationResponse",
    "allDeclaredFields":true,
    "queryAllDeclaredMethods":true,
    "queryAllDeclaredConstructors":true,
    "methods":[{"name":"<init>","parameterTypes":["java.lang.String","java.lang.String"] }]
  },
  {
    "name":"software.amazon.msk.auth.iam.IAMLoginModule",
    "methods":[{"name":"<init>","parameterTypes":[] }]
  },
  {
    "name":"software.amazon.msk.auth.iam.internals.IAMSaslClient$ClassLoaderAwareIAMSaslClientFactory",
    "methods":[{"name":"<init>","parameterTypes":[] }]
  },
  {
    "name":"software.amazon.msk.auth.iam.internals.IAMSaslClient$IAMSaslClientFactory",
    "methods":[{"name":"<init>","parameterTypes":[] }]
  },
  {
    "name":"com.amazonaws.partitions.model.CredentialScope",
    "allDeclaredFields":true,
    "queryAllDeclaredMethods":true,
    "queryAllDeclaredConstructors":true,
    "methods":[
      {"name":"<init>","parameterTypes":[] },
      {"name":"setRegion","parameterTypes":["java.lang.String"] },
      {"name":"setService","parameterTypes":["java.lang.String"] }
    ]
  },
  {
    "name":"com.amazonaws.partitions.model.Endpoint",
    "allDeclaredFields":true,
    "queryAllDeclaredMethods":true,
    "queryAllDeclaredConstructors":true,
    "methods":[
      {"name":"<init>","parameterTypes":[] },
      {"name":"setCredentialScope","parameterTypes":["com.amazonaws.partitions.model.CredentialScope"] },
      {"name":"setHostName","parameterTypes":["java.lang.String"] },
      {"name":"setProtocols","parameterTypes":["java.util.Set"] },
      {"name":"setSignatureVersions","parameterTypes":["java.util.Set"] },
      {"name":"setSslCommonName","parameterTypes":["java.lang.String"] }
    ]
  },
  {
    "name":"com.amazonaws.partitions.model.Partition",
    "allDeclaredFields":true,
    "queryAllDeclaredMethods":true,
    "queryAllDeclaredConstructors":true,
    "methods":[
      {"name":"<init>","parameterTypes":["java.lang.String","java.util.Map","java.util.Map"] },
      {"name":"setDefaults","parameterTypes":["com.amazonaws.partitions.model.Endpoint"] },
      {"name":"setDnsSuffix","parameterTypes":["java.lang.String"] },
      {"name":"setPartitionName","parameterTypes":["java.lang.String"] },
      {"name":"setRegionRegex","parameterTypes":["java.lang.String"] }
    ]
  },
  {
    "name":"com.amazonaws.partitions.model.Partitions",
    "allDeclaredFields":true,
    "queryAllDeclaredMethods":true,
    "queryAllDeclaredConstructors":true,
    "methods":[{"name":"<init>","parameterTypes":["java.lang.String","java.util.List"] }]
  },
  {
    "name":"com.amazonaws.partitions.model.Region",
    "allDeclaredFields":true,
    "queryAllDeclaredMethods":true,
    "queryAllDeclaredConstructors":true,
    "methods":[{"name":"<init>","parameterTypes":["java.lang.String"] }]
  },
  {
    "name":"com.amazonaws.partitions.model.Service",
    "allDeclaredFields":true,
    "queryAllDeclaredMethods":true,
    "queryAllDeclaredConstructors":true,
    "methods":[
      {"name":"<init>","parameterTypes":["java.util.Map"] },
      {"name":"setDefaults","parameterTypes":["com.amazonaws.partitions.model.Endpoint"] },
      {"name":"setPartitionEndpoint","parameterTypes":["java.lang.String"] },
      {"name":"setRegionalized","parameterTypes":["boolean"] }
    ]
  }
]