{
  "resources":{
  "includes":[
    {
      "pattern":"\\QMETA-INF/micronaut/io.micronaut.context.ApplicationContextConfigurer\\E"
    }, 
    {
      "pattern":"\\QMETA-INF/micronaut/io.micronaut.inject.BeanConfiguration\\E"
    }, 
    {
      "pattern":"\\QMETA-INF/micronaut/io.micronaut.inject.BeanDefinitionReference\\E"
    }, 
    {
      "pattern":"\\QMETA-INF/services/com.fasterxml.jackson.databind.Module\\E"
    }, 
    {
      "pattern":"\\QMETA-INF/services/io.micronaut.context.env.PropertySourceLoader\\E"
    }, 
    {
      "pattern":"\\QMETA-INF/services/io.micronaut.core.convert.TypeConverterRegistrar\\E"
    }, 
    {
      "pattern":"\\QMETA-INF/services/io.micronaut.core.type.TypeInformationProvider\\E"
    }, 
    {
      "pattern":"\\QMETA-INF/services/io.micronaut.http.HttpRequestFactory\\E"
    }, 
    {
      "pattern":"\\QMETA-INF/services/io.micronaut.http.client.HttpClientFactory\\E"
    }, 
    {
      "pattern":"\\QMETA-INF/services/java.nio.file.spi.FileSystemProvider\\E"
    }, 
    {
      "pattern":"\\Qapplication-ec2.properties\\E"
    }, 
    {
      "pattern":"\\Qcom/amazonaws/internal/config/awssdk_config_default.json\\E"
    }, 
    {
      "pattern":"\\Qcom/amazonaws/sdk/versionInfo.properties\\E"
    }, 
    {
      "pattern":"\\Qkafka/kafka-version.properties\\E"
    }, 
    {
      "pattern":"\\Qlogback.xml\\E"
    }, 
    {
      "pattern":"\\Qmicronaut-version.properties\\E"
    }, 
    {
      "pattern":"\\Qorg/slf4j/impl/StaticLoggerBinder.class\\E"
    }, 
    {
      "pattern":"\\Qtest-resources.properties\\E"
    },
    {
      "pattern":"\\Qcom/amazonaws/partitions/endpoints.json\\E"
    },
    {
      "pattern":"org/joda/time/tz/data/.*"
    }
  ]},
  "bundles":[{
      "name":"sun.security.util.Resources",
      "classNames":["sun.security.util.Resources"]
    }]
}
