<configuration debug='false'>

    <!--
    You can un-comment the STDOUT appender and <appender-ref ref='STDOUT'/> in
    the cloud appender to log to STDOUT as the 'emergency' appender.
    -->

    <!--
    <appender name='STDOUT' class='ch.qos.logback.core.ConsoleAppender'>
        <encoder>
            <pattern>%cyan(%d{HH:mm:ss.SSS}) %gray([%thread]) %highlight(%-5level) %magenta(%logger{36}) - %msg%n</pattern>
        </encoder>
    </appender>
    -->

    <appender name='ORACLE' class='io.micronaut.oraclecloud.logging.OracleCloudAppender'>
        <!-- <appender-ref ref='STDOUT'/> -->
        <logId><!-- TODO set the value of the Oracle Cloud log OCID here --></logId>
        <encoder class='ch.qos.logback.core.encoder.LayoutWrappingEncoder'>
            <layout class='ch.qos.logback.contrib.json.classic.JsonLayout'>
                <jsonFormatter class='io.micronaut.oraclecloud.logging.OracleCloudJsonFormatter'/>
            </layout>
        </encoder>
    </appender>

    <root level='INFO'>
        <appender-ref ref='ORACLE'/>
    </root>

</configuration>
