<configuration debug='false'>

    <!--
    You can un-comment the STDOUT appender and <appender-ref ref='STDOUT'/> in
    the cloud appender to log to STDOUT as the 'emergency' appender.
    -->

    <!--
    <appender name='STDOUT' class='ch.qos.logback.core.ConsoleAppender'>
        <encoder>
            <pattern>%cyan(%d{HH:mm:ss.SSS}) %gray([%thread]) %highlight(%-5level) %magenta(%logger{36}) - %msg%n</pattern>
        </encoder>
    </appender>
    -->

    <appender name='GOOGLE' class='com.google.cloud.logging.logback.LoggingAppender'>
        <!-- <appender-ref ref='STDOUT'/> -->
    </appender>

    <root level='INFO'>
        <appender-ref ref='GOOGLE'/>
    </root>

</configuration>
