<configuration debug='false'>

    <!--
    You can un-comment the STDOUT appender and <appender-ref ref='STDOUT'/> in
    the cloud appender to log to STDOUT as the 'emergency' appender.
    -->

    <!--
    <appender name='STDOUT' class='ch.qos.logback.core.ConsoleAppender'>
        <encoder>
            <pattern>%cyan(%d{HH:mm:ss.SSS}) %gray([%thread]) %highlight(%-5level) %magenta(%logger{36}) - %msg%n</pattern>
        </encoder>
    </appender>
    -->

    <appender name='CLOUDWATCH' class='io.micronaut.aws.cloudwatch.logging.CloudWatchLoggingAppender'>
        <!-- <appender-ref ref='STDOUT'/> -->
        <encoder class='ch.qos.logback.core.encoder.LayoutWrappingEncoder'>
            <layout class='ch.qos.logback.contrib.json.classic.JsonLayout'>
                <jsonFormatter class='io.micronaut.aws.cloudwatch.logging.CloudWatchJsonFormatter'/>
            </layout>
        </encoder>
    </appender>

    <root level='INFO'>
        <appender-ref ref='CLOUDWATCH'/>
    </root>

</configuration>
